construct,hla,clonotype,pos,aa,plddt
cognate,A*11:01,01685694bec8,1,A,95.48
cognate,A*11:01,01685694bec8,2,V,97.0
cognate,A*11:01,01685694bec8,3,F,96.08
cognate,A*11:01,01685694bec8,4,D,92.02
cognate,A*11:01,01685694bec8,5,R,85.31
cognate,A*11:01,01685694bec8,6,K,82.66
cognate,A*11:01,01685694bec8,7,S,84.46
cognate,A*11:01,01685694bec8,8,D,81.36
cognate,A*11:01,01685694bec8,9,A,77.08
cognate,A*11:01,01685694bec8,10,K,74.7
scramble,A*11:01,01685694bec8,1,K,62.55
scramble,A*11:01,01685694bec8,2,D,63.67
scramble,A*11:01,01685694bec8,3,D,64.21
scramble,A*11:01,01685694bec8,4,F,62.27
scramble,A*11:01,01685694bec8,5,S,64.19
scramble,A*11:01,01685694bec8,6,A,59.21
scramble,A*11:01,01685694bec8,7,V,62.6
scramble,A*11:01,01685694bec8,8,R,64.85
scramble,A*11:01,01685694bec8,9,K,60.34
scramble,A*11:01,01685694bec8,10,A,64.38
